{
    "0": {
        "1": {
            "cell_count": 9152,
            "mean_entropy": 0.643465230121994
        },
        "2": {
            "cell_count": 27,
            "mean_entropy": 0.8080575316038136
        },
        "3": {
            "cell_count": 16,
            "mean_entropy": 1.5449888050299196
        },
        "4": {
            "cell_count": 3,
            "mean_entropy": 1.3494523638956626
        },
        "5": {
            "cell_count": 139,
            "mean_entropy": 1.2099001373243423
        },
        "6": {
            "cell_count": 85,
            "mean_entropy": 0.9472921302371662
        },
        "7": {
            "cell_count": 2135,
            "mean_entropy": 0.60298382499421
        },
        "8": {
            "cell_count": 1117,
            "mean_entropy": 0.8988152142847667
        }
    },
    "2": {
        "1": {
            "cell_count": 8784,
            "mean_entropy": 0.4346092930128792
        },
        "2": {
            "cell_count": 8450,
            "mean_entropy": 0.5105785630817755
        },
        "3": {
            "cell_count": 469,
            "mean_entropy": 0.30219980598774193
        },
        "4": {
            "cell_count": 0,
            "mean_entropy": 0.0
        },
        "5": {
            "cell_count": 1073,
            "mean_entropy": 0.6708224571005115
        },
        "6": {
            "cell_count": 31,
            "mean_entropy": 1.281146909901577
        },
        "7": {
            "cell_count": 3537,
            "mean_entropy": 0.5635695567898827
        },
        "8": {
            "cell_count": 321,
            "mean_entropy": 1.022126711762703
        }
    },
    "4": {
        "1": {
            "cell_count": 11199,
            "mean_entropy": 0.20664925766813444
        },
        "2": {
            "cell_count": 15,
            "mean_entropy": 0.6735465978329959
        },
        "3": {
            "cell_count": 3,
            "mean_entropy": 1.5441066188853962
        },
        "4": {
            "cell_count": 0,
            "mean_entropy": 0.0
        },
        "5": {
            "cell_count": 4,
            "mean_entropy": 1.3868684367131494
        },
        "6": {
            "cell_count": 172,
            "mean_entropy": 0.48478765802597223
        },
        "7": {
            "cell_count": 34,
            "mean_entropy": 0.6968806338462481
        },
        "8": {
            "cell_count": 1963,
            "mean_entropy": 0.5128360233593808
        }
    },
    "6": {
        "1": {
            "cell_count": 4706,
            "mean_entropy": 0.8765553073122181
        },
        "2": {
            "cell_count": 2451,
            "mean_entropy": 0.8888930457097645
        },
        "3": {
            "cell_count": 597,
            "mean_entropy": 1.164872997287771
        },
        "4": {
            "cell_count": 3,
            "mean_entropy": 1.6693296228963026
        },
        "5": {
            "cell_count": 47,
            "mean_entropy": 1.6616782883825814
        },
        "6": {
            "cell_count": 27,
            "mean_entropy": 1.4509981019172353
        },
        "7": {
            "cell_count": 8425,
            "mean_entropy": 0.5572597426096767
        },
        "8": {
            "cell_count": 39,
            "mean_entropy": 1.4693793872327952
        }
    },
    "8": {
        "1": {
            "cell_count": 4559,
            "mean_entropy": 0.4673295389376074
        },
        "2": {
            "cell_count": 12330,
            "mean_entropy": 0.23255980501189025
        },
        "3": {
            "cell_count": 243,
            "mean_entropy": 0.5389910258488733
        },
        "4": {
            "cell_count": 13,
            "mean_entropy": 0.9810532682060327
        },
        "5": {
            "cell_count": 426,
            "mean_entropy": 0.9522086074669104
        },
        "6": {
            "cell_count": 1544,
            "mean_entropy": 0.6668565150080311
        },
        "7": {
            "cell_count": 631,
            "mean_entropy": 0.8221761003821089
        },
        "8": {
            "cell_count": 1602,
            "mean_entropy": 0.8489009817289775
        }
    },
    "9": {
        "1": {
            "cell_count": 15463,
            "mean_entropy": 0.3964379700668046
        },
        "2": {
            "cell_count": 2848,
            "mean_entropy": 0.8387143121470568
        },
        "3": {
            "cell_count": 45,
            "mean_entropy": 1.2736426108284147
        },
        "4": {
            "cell_count": 2,
            "mean_entropy": 1.0108595834565417
        },
        "5": {
            "cell_count": 82,
            "mean_entropy": 0.9370048984327276
        },
        "6": {
            "cell_count": 16,
            "mean_entropy": 1.2915413503947
        },
        "7": {
            "cell_count": 5129,
            "mean_entropy": 0.4910175648723054
        },
        "8": {
            "cell_count": 14,
            "mean_entropy": 1.1072748655347457
        }
    },
    "10": {
        "1": {
            "cell_count": 21627,
            "mean_entropy": 0.21080898417847435
        },
        "2": {
            "cell_count": 875,
            "mean_entropy": 0.5574700484772463
        },
        "3": {
            "cell_count": 34,
            "mean_entropy": 0.5849957479570074
        },
        "4": {
            "cell_count": 60,
            "mean_entropy": 0.9763747854364782
        },
        "5": {
            "cell_count": 273,
            "mean_entropy": 0.7783106388794822
        },
        "6": {
            "cell_count": 166,
            "mean_entropy": 0.9734887129558654
        },
        "7": {
            "cell_count": 168,
            "mean_entropy": 0.8722245762046076
        },
        "8": {
            "cell_count": 726,
            "mean_entropy": 0.5089391755855261
        }
    },
    "11": {
        "1": {
            "cell_count": 15386,
            "mean_entropy": 0.2620283682399142
        },
        "2": {
            "cell_count": 4451,
            "mean_entropy": 0.3016208037860736
        },
        "3": {
            "cell_count": 175,
            "mean_entropy": 0.5329944218680251
        },
        "4": {
            "cell_count": 0,
            "mean_entropy": 0.0
        },
        "5": {
            "cell_count": 246,
            "mean_entropy": 0.9685900220628758
        },
        "6": {
            "cell_count": 59,
            "mean_entropy": 1.2738958564064544
        },
        "7": {
            "cell_count": 2954,
            "mean_entropy": 0.31036259409405753
        },
        "8": {
            "cell_count": 1185,
            "mean_entropy": 0.6461903407520779
        }
    },
    "12": {
        "1": {
            "cell_count": 14337,
            "mean_entropy": 0.33088312057580677
        },
        "2": {
            "cell_count": 1049,
            "mean_entropy": 0.6757527030212397
        },
        "3": {
            "cell_count": 104,
            "mean_entropy": 0.8743439172139601
        },
        "4": {
            "cell_count": 72,
            "mean_entropy": 1.0098326093107965
        },
        "5": {
            "cell_count": 539,
            "mean_entropy": 0.8641178771131763
        },
        "6": {
            "cell_count": 872,
            "mean_entropy": 0.7352510427298492
        },
        "7": {
            "cell_count": 203,
            "mean_entropy": 0.9134031553498466
        },
        "8": {
            "cell_count": 4071,
            "mean_entropy": 0.5343593272463558
        }
    },
    "13": {
        "1": {
            "cell_count": 11619,
            "mean_entropy": 0.4481975708717184
        },
        "2": {
            "cell_count": 4480,
            "mean_entropy": 0.4402201377229964
        },
        "3": {
            "cell_count": 223,
            "mean_entropy": 0.3171392496193973
        },
        "4": {
            "cell_count": 5,
            "mean_entropy": 1.029846299120852
        },
        "5": {
            "cell_count": 240,
            "mean_entropy": 0.8735850774851978
        },
        "6": {
            "cell_count": 222,
            "mean_entropy": 1.0416813825792164
        },
        "7": {
            "cell_count": 1388,
            "mean_entropy": 0.5331949813436981
        },
        "8": {
            "cell_count": 4059,
            "mean_entropy": 0.7498303709171568
        }
    },
    "15": {
        "1": {
            "cell_count": 500,
            "mean_entropy": 1.3596990540770022
        },
        "2": {
            "cell_count": 15302,
            "mean_entropy": 0.30684927196817585
        },
        "3": {
            "cell_count": 1092,
            "mean_entropy": 1.2315499815800357
        },
        "4": {
            "cell_count": 187,
            "mean_entropy": 1.1358314619680312
        },
        "5": {
            "cell_count": 234,
            "mean_entropy": 1.1595297055758202
        },
        "6": {
            "cell_count": 116,
            "mean_entropy": 1.3965710906053461
        },
        "7": {
            "cell_count": 1214,
            "mean_entropy": 0.8811996271728583
        },
        "8": {
            "cell_count": 204,
            "mean_entropy": 1.3482967704536748
        }
    },
    "16": {
        "1": {
            "cell_count": 20452,
            "mean_entropy": 0.16374225895724814
        },
        "2": {
            "cell_count": 346,
            "mean_entropy": 0.618076562116676
        },
        "3": {
            "cell_count": 21,
            "mean_entropy": 0.6753060593321482
        },
        "4": {
            "cell_count": 16,
            "mean_entropy": 1.2984241356223787
        },
        "5": {
            "cell_count": 89,
            "mean_entropy": 0.8799401463356996
        },
        "6": {
            "cell_count": 254,
            "mean_entropy": 0.9561978519856263
        },
        "7": {
            "cell_count": 983,
            "mean_entropy": 0.48275692791406183
        },
        "8": {
            "cell_count": 1633,
            "mean_entropy": 0.5809142047178637
        }
    },
    "17": {
        "1": {
            "cell_count": 11,
            "mean_entropy": 1.056528897959617
        },
        "2": {
            "cell_count": 8,
            "mean_entropy": 0.9361793946460246
        },
        "3": {
            "cell_count": 15,
            "mean_entropy": 0.7759517804229696
        },
        "4": {
            "cell_count": 1,
            "mean_entropy": 1.2128608370426017
        },
        "5": {
            "cell_count": 155,
            "mean_entropy": 0.6260163586586899
        },
        "6": {
            "cell_count": 22,
            "mean_entropy": 1.0911238621246115
        },
        "7": {
            "cell_count": 1,
            "mean_entropy": 0.6131742043393
        },
        "8": {
            "cell_count": 293,
            "mean_entropy": 0.6352254747913276
        }
    },
    "19": {
        "1": {
            "cell_count": 5001,
            "mean_entropy": 0.48850318948478666
        },
        "2": {
            "cell_count": 12517,
            "mean_entropy": 0.28483120755830593
        },
        "3": {
            "cell_count": 92,
            "mean_entropy": 0.9903853128782979
        },
        "4": {
            "cell_count": 80,
            "mean_entropy": 0.9291943476107651
        },
        "5": {
            "cell_count": 218,
            "mean_entropy": 0.9469404314202444
        },
        "6": {
            "cell_count": 200,
            "mean_entropy": 1.0970055137391375
        },
        "7": {
            "cell_count": 647,
            "mean_entropy": 0.7971283279585876
        },
        "8": {
            "cell_count": 4778,
            "mean_entropy": 0.792594473340425
        }
    },
    "20": {
        "1": {
            "cell_count": 20515,
            "mean_entropy": 0.13697153790605548
        },
        "2": {
            "cell_count": 250,
            "mean_entropy": 0.7650673921389728
        },
        "3": {
            "cell_count": 6,
            "mean_entropy": 1.169133630130374
        },
        "4": {
            "cell_count": 0,
            "mean_entropy": 0.0
        },
        "5": {
            "cell_count": 134,
            "mean_entropy": 0.6240080310074383
        },
        "6": {
            "cell_count": 18,
            "mean_entropy": 1.126321573688061
        },
        "7": {
            "cell_count": 62,
            "mean_entropy": 0.7757839276229688
        },
        "8": {
            "cell_count": 599,
            "mean_entropy": 0.5007588878031651
        }
    },
    "21": {
        "1": {
            "cell_count": 7450,
            "mean_entropy": 0.37234254035902636
        },
        "2": {
            "cell_count": 6392,
            "mean_entropy": 0.23820014212048854
        },
        "3": {
            "cell_count": 239,
            "mean_entropy": 0.3281878895606357
        },
        "4": {
            "cell_count": 16,
            "mean_entropy": 0.7679286133751706
        },
        "5": {
            "cell_count": 619,
            "mean_entropy": 0.6728679800468238
        },
        "6": {
            "cell_count": 57,
            "mean_entropy": 1.0689538154337703
        },
        "7": {
            "cell_count": 411,
            "mean_entropy": 0.7825701132796343
        },
        "8": {
            "cell_count": 1878,
            "mean_entropy": 0.7353898416975945
        }
    },
    "22": {
        "1": {
            "cell_count": 1254,
            "mean_entropy": 0.7390948185984206
        },
        "2": {
            "cell_count": 9891,
            "mean_entropy": 0.34695917205017474
        },
        "3": {
            "cell_count": 39,
            "mean_entropy": 0.8713263053549648
        },
        "4": {
            "cell_count": 4,
            "mean_entropy": 1.0512384142517885
        },
        "5": {
            "cell_count": 89,
            "mean_entropy": 1.5321330440367293
        },
        "6": {
            "cell_count": 109,
            "mean_entropy": 1.0976943398298395
        },
        "7": {
            "cell_count": 4307,
            "mean_entropy": 0.393482220257772
        },
        "8": {
            "cell_count": 2734,
            "mean_entropy": 0.9133089158321555
        }
    },
    "23": {
        "1": {
            "cell_count": 18166,
            "mean_entropy": 0.27487849386814117
        },
        "2": {
            "cell_count": 295,
            "mean_entropy": 0.6550189372996649
        },
        "3": {
            "cell_count": 35,
            "mean_entropy": 0.8034637291489046
        },
        "4": {
            "cell_count": 109,
            "mean_entropy": 0.8303259991626477
        },
        "5": {
            "cell_count": 94,
            "mean_entropy": 1.101502719558866
        },
        "6": {
            "cell_count": 446,
            "mean_entropy": 0.8193015128253746
        },
        "7": {
            "cell_count": 234,
            "mean_entropy": 0.7260379647197897
        },
        "8": {
            "cell_count": 3280,
            "mean_entropy": 0.5504121166278007
        }
    },
    "24": {
        "1": {
            "cell_count": 15632,
            "mean_entropy": 0.3729878557007459
        },
        "2": {
            "cell_count": 75,
            "mean_entropy": 0.9317474396934953
        },
        "3": {
            "cell_count": 44,
            "mean_entropy": 0.7103304471341015
        },
        "4": {
            "cell_count": 46,
            "mean_entropy": 0.9882582092820321
        },
        "5": {
            "cell_count": 110,
            "mean_entropy": 0.9147325710704118
        },
        "6": {
            "cell_count": 167,
            "mean_entropy": 0.9070478722094402
        },
        "7": {
            "cell_count": 552,
            "mean_entropy": 0.6902385037612926
        },
        "8": {
            "cell_count": 3796,
            "mean_entropy": 0.5487254049536023
        }
    },
    "25": {
        "1": {
            "cell_count": 18713,
            "mean_entropy": 0.18624785350178752
        },
        "2": {
            "cell_count": 671,
            "mean_entropy": 0.5305566463702288
        },
        "3": {
            "cell_count": 378,
            "mean_entropy": 0.6770961351129182
        },
        "4": {
            "cell_count": 41,
            "mean_entropy": 1.1712459205611743
        },
        "5": {
            "cell_count": 549,
            "mean_entropy": 0.5958512479614474
        },
        "6": {
            "cell_count": 35,
            "mean_entropy": 1.1268005455661445
        },
        "7": {
            "cell_count": 112,
            "mean_entropy": 0.7754858239425287
        },
        "8": {
            "cell_count": 2451,
            "mean_entropy": 0.6262809333062234
        }
    },
    "26": {
        "1": {
            "cell_count": 12872,
            "mean_entropy": 0.38512861049863
        },
        "2": {
            "cell_count": 150,
            "mean_entropy": 1.1003626885336493
        },
        "3": {
            "cell_count": 153,
            "mean_entropy": 0.9668414672349755
        },
        "4": {
            "cell_count": 62,
            "mean_entropy": 0.9369341004428821
        },
        "5": {
            "cell_count": 96,
            "mean_entropy": 1.1238184318628024
        },
        "6": {
            "cell_count": 98,
            "mean_entropy": 1.0253226867717886
        },
        "7": {
            "cell_count": 95,
            "mean_entropy": 0.658017228317622
        },
        "8": {
            "cell_count": 5380,
            "mean_entropy": 0.605826846844182
        }
    },
    "27": {
        "1": {
            "cell_count": 15648,
            "mean_entropy": 0.39666367279872283
        },
        "2": {
            "cell_count": 2855,
            "mean_entropy": 0.6396993393811136
        },
        "3": {
            "cell_count": 255,
            "mean_entropy": 0.6656225384939536
        },
        "4": {
            "cell_count": 123,
            "mean_entropy": 0.9757079203211212
        },
        "5": {
            "cell_count": 270,
            "mean_entropy": 1.0699572118295768
        },
        "6": {
            "cell_count": 1339,
            "mean_entropy": 0.8541301698695324
        },
        "7": {
            "cell_count": 880,
            "mean_entropy": 0.713879872968555
        },
        "8": {
            "cell_count": 1005,
            "mean_entropy": 0.7321549422395168
        }
    },
    "28": {
        "1": {
            "cell_count": 4865,
            "mean_entropy": 0.5168497252216482
        },
        "2": {
            "cell_count": 86,
            "mean_entropy": 0.6909968669832962
        },
        "3": {
            "cell_count": 4,
            "mean_entropy": 1.5762657170102579
        },
        "4": {
            "cell_count": 14,
            "mean_entropy": 1.8571863429171496
        },
        "5": {
            "cell_count": 4,
            "mean_entropy": 1.3919786206102391
        },
        "6": {
            "cell_count": 5,
            "mean_entropy": 1.0558241277888176
        },
        "7": {
            "cell_count": 13774,
            "mean_entropy": 0.22783162965129802
        },
        "8": {
            "cell_count": 16,
            "mean_entropy": 1.6019801554664737
        }
    },
    "29": {
        "1": {
            "cell_count": 2440,
            "mean_entropy": 1.139810102748242
        },
        "2": {
            "cell_count": 19,
            "mean_entropy": 1.280406844420087
        },
        "3": {
            "cell_count": 31,
            "mean_entropy": 1.0217453134745071
        },
        "4": {
            "cell_count": 7,
            "mean_entropy": 1.1306273079054636
        },
        "5": {
            "cell_count": 777,
            "mean_entropy": 1.3041822444112452
        },
        "6": {
            "cell_count": 80,
            "mean_entropy": 1.0799633094907377
        },
        "7": {
            "cell_count": 103,
            "mean_entropy": 1.1780146521986845
        },
        "8": {
            "cell_count": 7925,
            "mean_entropy": 0.9632930778892788
        }
    },
    "31": {
        "1": {
            "cell_count": 2828,
            "mean_entropy": 0.9236236023152583
        },
        "2": {
            "cell_count": 3480,
            "mean_entropy": 0.42355588924608223
        },
        "3": {
            "cell_count": 465,
            "mean_entropy": 0.6501705698139496
        },
        "4": {
            "cell_count": 8,
            "mean_entropy": 1.1728196210801396
        },
        "5": {
            "cell_count": 2209,
            "mean_entropy": 0.8765135209112662
        },
        "6": {
            "cell_count": 70,
            "mean_entropy": 1.2034406653267766
        },
        "7": {
            "cell_count": 634,
            "mean_entropy": 1.1108578104758202
        },
        "8": {
            "cell_count": 1042,
            "mean_entropy": 0.9493013459652629
        }
    },
    "32": {
        "1": {
            "cell_count": 11812,
            "mean_entropy": 0.5630814396470404
        },
        "2": {
            "cell_count": 2505,
            "mean_entropy": 0.7777430914804242
        },
        "3": {
            "cell_count": 784,
            "mean_entropy": 0.48694455348638754
        },
        "4": {
            "cell_count": 11,
            "mean_entropy": 0.9876986316233632
        },
        "5": {
            "cell_count": 1193,
            "mean_entropy": 0.8395919399057542
        },
        "6": {
            "cell_count": 951,
            "mean_entropy": 1.0719594008923552
        },
        "7": {
            "cell_count": 1248,
            "mean_entropy": 0.8606555057693139
        },
        "8": {
            "cell_count": 2620,
            "mean_entropy": 0.7828280947334105
        }
    },
    "33": {
        "1": {
            "cell_count": 18143,
            "mean_entropy": 0.27877415999190336
        },
        "2": {
            "cell_count": 346,
            "mean_entropy": 0.3096190267535448
        },
        "3": {
            "cell_count": 8,
            "mean_entropy": 0.5717155939091092
        },
        "4": {
            "cell_count": 3062,
            "mean_entropy": 0.647263041773294
        },
        "5": {
            "cell_count": 138,
            "mean_entropy": 1.0360345502505457
        },
        "6": {
            "cell_count": 146,
            "mean_entropy": 0.9805173771080387
        },
        "7": {
            "cell_count": 115,
            "mean_entropy": 0.9111547893718034
        },
        "8": {
            "cell_count": 598,
            "mean_entropy": 0.5273893395225216
        }
    },
    "35": {
        "1": {
            "cell_count": 251,
            "mean_entropy": 0.9637958427349153
        },
        "2": {
            "cell_count": 5989,
            "mean_entropy": 0.3196426792850454
        },
        "3": {
            "cell_count": 553,
            "mean_entropy": 0.45306623845247096
        },
        "4": {
            "cell_count": 1654,
            "mean_entropy": 0.6493177117003737
        },
        "5": {
            "cell_count": 736,
            "mean_entropy": 1.0190553467865626
        },
        "6": {
            "cell_count": 755,
            "mean_entropy": 0.8807852659319262
        },
        "7": {
            "cell_count": 1170,
            "mean_entropy": 0.5408776551272276
        },
        "8": {
            "cell_count": 1661,
            "mean_entropy": 0.9923632494887135
        }
    },
    "36": {
        "1": {
            "cell_count": 16187,
            "mean_entropy": 0.37294332147445614
        },
        "2": {
            "cell_count": 210,
            "mean_entropy": 0.6161511007514886
        },
        "3": {
            "cell_count": 291,
            "mean_entropy": 0.6355666416629353
        },
        "4": {
            "cell_count": 3297,
            "mean_entropy": 0.6911681184164502
        },
        "5": {
            "cell_count": 831,
            "mean_entropy": 0.8396499172354758
        },
        "6": {
            "cell_count": 790,
            "mean_entropy": 0.7305630424137901
        },
        "7": {
            "cell_count": 510,
            "mean_entropy": 0.7964731056888369
        },
        "8": {
            "cell_count": 1283,
            "mean_entropy": 0.6108672705965595
        }
    },
    "37": {
        "1": {
            "cell_count": 14148,
            "mean_entropy": 0.6527098837800615
        },
        "2": {
            "cell_count": 536,
            "mean_entropy": 0.5951800599520112
        },
        "3": {
            "cell_count": 131,
            "mean_entropy": 0.9698205908941792
        },
        "4": {
            "cell_count": 2254,
            "mean_entropy": 0.7836624634828336
        },
        "5": {
            "cell_count": 143,
            "mean_entropy": 1.107075750126023
        },
        "6": {
            "cell_count": 567,
            "mean_entropy": 0.9646149016204042
        },
        "7": {
            "cell_count": 286,
            "mean_entropy": 0.8034977844910982
        },
        "8": {
            "cell_count": 2787,
            "mean_entropy": 0.6635753043807742
        }
    },
    "38": {
        "1": {
            "cell_count": 13482,
            "mean_entropy": 0.44240837072105005
        },
        "2": {
            "cell_count": 2949,
            "mean_entropy": 0.6996512223073319
        },
        "3": {
            "cell_count": 175,
            "mean_entropy": 0.6431626272304334
        },
        "4": {
            "cell_count": 577,
            "mean_entropy": 1.0467237114500312
        },
        "5": {
            "cell_count": 1506,
            "mean_entropy": 0.8503168234604654
        },
        "6": {
            "cell_count": 256,
            "mean_entropy": 0.7299726240966222
        },
        "7": {
            "cell_count": 361,
            "mean_entropy": 1.017946706202766
        },
        "8": {
            "cell_count": 1388,
            "mean_entropy": 0.5755832947144428
        }
    },
    "39": {
        "1": {
            "cell_count": 14930,
            "mean_entropy": 0.3710100882238689
        },
        "2": {
            "cell_count": 2918,
            "mean_entropy": 0.5109882164792898
        },
        "3": {
            "cell_count": 22,
            "mean_entropy": 0.4759004518251462
        },
        "4": {
            "cell_count": 2,
            "mean_entropy": 1.2216326598596954
        },
        "5": {
            "cell_count": 52,
            "mean_entropy": 0.6059092624432725
        },
        "6": {
            "cell_count": 122,
            "mean_entropy": 1.0685367725495967
        },
        "7": {
            "cell_count": 380,
            "mean_entropy": 0.8282399743639608
        },
        "8": {
            "cell_count": 4000,
            "mean_entropy": 0.6821697530883343
        }
    },
    "40": {
        "1": {
            "cell_count": 4084,
            "mean_entropy": 0.703267118893802
        },
        "2": {
            "cell_count": 7799,
            "mean_entropy": 0.22234881603515075
        },
        "3": {
            "cell_count": 112,
            "mean_entropy": 1.1279949168487984
        },
        "4": {
            "cell_count": 1483,
            "mean_entropy": 0.9351048177896565
        },
        "5": {
            "cell_count": 711,
            "mean_entropy": 1.076971842292924
        },
        "6": {
            "cell_count": 2460,
            "mean_entropy": 0.8106632735755425
        },
        "7": {
            "cell_count": 116,
            "mean_entropy": 1.1664325475761095
        },
        "8": {
            "cell_count": 6552,
            "mean_entropy": 0.4925129310447352
        }
    },
    "41": {
        "1": {
            "cell_count": 11011,
            "mean_entropy": 0.7613119708362266
        },
        "2": {
            "cell_count": 3718,
            "mean_entropy": 0.61440777842993
        },
        "3": {
            "cell_count": 573,
            "mean_entropy": 1.3906441931088298
        },
        "4": {
            "cell_count": 2302,
            "mean_entropy": 0.9170374423206713
        },
        "5": {
            "cell_count": 512,
            "mean_entropy": 1.1960008271673208
        },
        "6": {
            "cell_count": 1221,
            "mean_entropy": 1.1808517003433887
        },
        "7": {
            "cell_count": 2020,
            "mean_entropy": 0.9257425407208832
        },
        "8": {
            "cell_count": 704,
            "mean_entropy": 0.8048548915629733
        }
    },
    "42": {
        "1": {
            "cell_count": 21226,
            "mean_entropy": 0.18903582874873948
        },
        "2": {
            "cell_count": 34,
            "mean_entropy": 0.7529412643886915
        },
        "3": {
            "cell_count": 10,
            "mean_entropy": 0.6468229262374801
        },
        "4": {
            "cell_count": 62,
            "mean_entropy": 0.7853753557948872
        },
        "5": {
            "cell_count": 11,
            "mean_entropy": 1.1446567476798333
        },
        "6": {
            "cell_count": 67,
            "mean_entropy": 0.750547629867155
        },
        "7": {
            "cell_count": 414,
            "mean_entropy": 0.6311191116803999
        },
        "8": {
            "cell_count": 700,
            "mean_entropy": 0.4492770861951573
        }
    },
    "43": {
        "1": {
            "cell_count": 7601,
            "mean_entropy": 0.44088873636225845
        },
        "2": {
            "cell_count": 18,
            "mean_entropy": 0.6130732142186772
        },
        "3": {
            "cell_count": 8,
            "mean_entropy": 1.1122795706892092
        },
        "4": {
            "cell_count": 125,
            "mean_entropy": 0.7088214746504709
        },
        "5": {
            "cell_count": 11,
            "mean_entropy": 0.9477626218502464
        },
        "6": {
            "cell_count": 273,
            "mean_entropy": 0.758120748776188
        },
        "7": {
            "cell_count": 416,
            "mean_entropy": 0.7434095528741904
        },
        "8": {
            "cell_count": 5718,
            "mean_entropy": 0.4228364519092463
        }
    },
    "44": {
        "1": {
            "cell_count": 18554,
            "mean_entropy": 0.5721820706784698
        },
        "2": {
            "cell_count": 1313,
            "mean_entropy": 1.0455438009297742
        },
        "3": {
            "cell_count": 1465,
            "mean_entropy": 1.139254056989189
        },
        "4": {
            "cell_count": 416,
            "mean_entropy": 1.1483472311141558
        },
        "5": {
            "cell_count": 178,
            "mean_entropy": 1.2425716176360964
        },
        "6": {
            "cell_count": 55,
            "mean_entropy": 1.1605004929265863
        },
        "7": {
            "cell_count": 1602,
            "mean_entropy": 0.9619300135485017
        },
        "8": {
            "cell_count": 179,
            "mean_entropy": 0.9959748922841183
        }
    },
    "45": {
        "1": {
            "cell_count": 18252,
            "mean_entropy": 0.42729657861608755
        },
        "2": {
            "cell_count": 840,
            "mean_entropy": 0.7352993623628398
        },
        "3": {
            "cell_count": 296,
            "mean_entropy": 0.7564357596660041
        },
        "4": {
            "cell_count": 1603,
            "mean_entropy": 0.787406105058694
        },
        "5": {
            "cell_count": 121,
            "mean_entropy": 1.1121257150942367
        },
        "6": {
            "cell_count": 511,
            "mean_entropy": 0.9466761101842567
        },
        "7": {
            "cell_count": 301,
            "mean_entropy": 0.9413448444182478
        },
        "8": {
            "cell_count": 953,
            "mean_entropy": 0.6245236383058465
        }
    },
    "47": {
        "1": {
            "cell_count": 21121,
            "mean_entropy": 0.22459343183393146
        },
        "2": {
            "cell_count": 73,
            "mean_entropy": 0.5967555489097072
        },
        "3": {
            "cell_count": 64,
            "mean_entropy": 0.8943425498107633
        },
        "4": {
            "cell_count": 116,
            "mean_entropy": 1.072079913059866
        },
        "5": {
            "cell_count": 332,
            "mean_entropy": 0.9453469131608784
        },
        "6": {
            "cell_count": 791,
            "mean_entropy": 0.8070735928560457
        },
        "7": {
            "cell_count": 651,
            "mean_entropy": 0.7573954468781412
        },
        "8": {
            "cell_count": 425,
            "mean_entropy": 0.7250490356432568
        }
    },
    "48": {
        "1": {
            "cell_count": 8248,
            "mean_entropy": 0.4199597446202915
        },
        "2": {
            "cell_count": 29,
            "mean_entropy": 0.8807803016323301
        },
        "3": {
            "cell_count": 282,
            "mean_entropy": 0.3147694366001411
        },
        "4": {
            "cell_count": 2565,
            "mean_entropy": 0.6840515288620688
        },
        "5": {
            "cell_count": 3317,
            "mean_entropy": 0.8872934660525981
        },
        "6": {
            "cell_count": 1744,
            "mean_entropy": 0.8668794750175941
        },
        "7": {
            "cell_count": 66,
            "mean_entropy": 0.9279708385243691
        },
        "8": {
            "cell_count": 6489,
            "mean_entropy": 0.5199831730834547
        }
    },
    "49": {
        "1": {
            "cell_count": 16532,
            "mean_entropy": 0.215917323996501
        },
        "2": {
            "cell_count": 1556,
            "mean_entropy": 0.45377903328377867
        },
        "3": {
            "cell_count": 250,
            "mean_entropy": 0.2664359042695453
        },
        "4": {
            "cell_count": 0,
            "mean_entropy": 0.0
        },
        "5": {
            "cell_count": 1189,
            "mean_entropy": 0.4531377063692656
        },
        "6": {
            "cell_count": 159,
            "mean_entropy": 0.9631226407036904
        },
        "7": {
            "cell_count": 1308,
            "mean_entropy": 0.5189905557293333
        },
        "8": {
            "cell_count": 891,
            "mean_entropy": 0.7017330751504587
        }
    },
    "50": {
        "1": {
            "cell_count": 9385,
            "mean_entropy": 0.4982289010760203
        },
        "2": {
            "cell_count": 6810,
            "mean_entropy": 0.4705143736686768
        },
        "3": {
            "cell_count": 312,
            "mean_entropy": 0.38626422877614264
        },
        "4": {
            "cell_count": 418,
            "mean_entropy": 0.7805489921290995
        },
        "5": {
            "cell_count": 1083,
            "mean_entropy": 0.8398685105066126
        },
        "6": {
            "cell_count": 898,
            "mean_entropy": 0.9027686667127939
        },
        "7": {
            "cell_count": 807,
            "mean_entropy": 0.9919651180534489
        },
        "8": {
            "cell_count": 2236,
            "mean_entropy": 0.7876503094765132
        }
    },
    "51": {
        "1": {
            "cell_count": 18454,
            "mean_entropy": 0.19121010324083204
        },
        "2": {
            "cell_count": 53,
            "mean_entropy": 0.7006817510496355
        },
        "3": {
            "cell_count": 15,
            "mean_entropy": 0.6069972914844063
        },
        "4": {
            "cell_count": 25,
            "mean_entropy": 0.8636725813317311
        },
        "5": {
            "cell_count": 15,
            "mean_entropy": 1.0445901946370924
        },
        "6": {
            "cell_count": 662,
            "mean_entropy": 0.48085752126088793
        },
        "7": {
            "cell_count": 191,
            "mean_entropy": 0.5956526695830673
        },
        "8": {
            "cell_count": 3322,
            "mean_entropy": 0.47803692731069924
        }
    }
}