{
  "os": "Linux-5.4.286-1.el8.elrepo.x86_64-x86_64-with-glibc2.28",
  "python": "CPython 3.11.3",
  "startedAt": "2025-05-16T08:09:38.645532Z",
  "args": [
    "--n_class",
    "3",
    "--data_path",
    "/home/ucl/inma/lhenneau/Cytology-fine-tuning/graph_transformer/tmi2022-main/graphs",
    "--train_set",
    "/train.txt",
    "--val_set",
    "/val.txt",
    "--test_set",
    "/test.txt",
    "--model_path",
    "/home/ucl/inma/lhenneau/Cytology-fine-tuning/graph_transformer/tmi2022-main/graph_transformer/saved_models_0",
    "--log_path",
    "/home/ucl/inma/lhenneau/Cytology-fine-tuning/graph_transformer/tmi2022-main/graph_transformer/saved_models_0/runs",
    "--task_name",
    "GraphCAM",
    "--batch_size",
    "2",
    "--train",
    "--log_interval_local",
    "36"
  ],
  "program": "/auto/home/users/l/h/lhenneau/Cytology-fine-tuning/graph_transformer/tmi2022-main/train_wandb.py",
  "codePath": "graph_transformer/tmi2022-main/train_wandb.py",
  "git": {
    "remote": "https://github.com/NO-lucas/memoire.git",
    "commit": "93256ef9afa951de1d03448467672cfb8e623f99"
  },
  "email": "lucas.henneaux@student.uclouvain.be",
  "root": "/auto/home/users/l/h/lhenneau/Cytology-fine-tuning/graph_transformer/tmi2022-main",
  "host": "mb-icg101.cism.ucl.ac.be",
  "executable": "/opt/sw/arch/easybuild/2023a/software/Python/3.11.3-GCCcore-12.3.0/bin/python",
  "codePathLocal": "train_wandb.py",
  "cpu_count": 32,
  "cpu_count_logical": 64,
  "gpu": "NVIDIA A10",
  "gpu_count": 2,
  "disk": {
    "/": {
      "total": "17169383424",
      "used": "12515143680"
    }
  },
  "memory": {
    "total": "270116028416"
  },
  "cpu": {
    "count": 32,
    "countLogical": 64
  },
  "gpu_nvidia": [
    {
      "name": "NVIDIA A10",
      "memoryTotal": "24146608128",
      "cudaCores": 9216,
      "architecture": "Ampere"
    },
    {
      "name": "NVIDIA A10",
      "memoryTotal": "24146608128",
      "cudaCores": 9216,
      "architecture": "Ampere"
    }
  ],
  "slurm": {
    "cluster_name": "manneback",
    "conf": "/var/spool/slurmd/conf-cache/slurm.conf",
    "cpus_on_node": "32",
    "cpus_per_task": "32",
    "gpus_on_node": "2",
    "gtids": "0",
    "job_account": "ceci",
    "job_cpus_per_node": "32",
    "job_end_time": "1747814970",
    "job_gid": "3005016",
    "job_gpus": "2,3",
    "job_id": "57887255",
    "job_name": "wandb_graph",
    "job_nodelist": "mb-icg101",
    "job_num_nodes": "1",
    "job_partition": "gpu",
    "job_qos": "preemptible",
    "job_start_time": "1747382970",
    "job_uid": "3005016",
    "job_user": "lhenneau",
    "jobid": "57887255",
    "localid": "0",
    "mem_per_cpu": "1000",
    "nnodes": "1",
    "nodeid": "0",
    "nodelist": "mb-icg101",
    "nprocs": "1",
    "ntasks": "1",
    "prio_process": "0",
    "procid": "0",
    "script_context": "prolog_task",
    "stepmgr": "mb-icg101",
    "submit_dir": "/auto/home/users/l/h/lhenneau/Cytology-fine-tuning",
    "submit_host": "mbackf2.cism.ucl.ac.be",
    "task_pid": "1627949",
    "tasks_per_node": "1",
    "topology_addr": "mb-icg101",
    "topology_addr_pattern": "node",
    "tres_per_task": "cpu=32"
  },
  "cudaVersion": "12.4"
}